gate,status,metric,value,evidence,interpretation
G1_required_inputs,PASS,missing_inputs,,repro/stage220_encrypted_compact_keygen_prototype/input_status.csv,Stage220 consumes Stage203 equations and Stage219 compact key API skeleton evidence.
G2_mosfhet_static_build,PASS,make_static_spqlios,true,repro/stage220_encrypted_compact_keygen_prototype/mosfhet_static_build.log,Prototype links against current MOSFHET static library.
G3_probe_compile_run,PASS,compile_ok;run_ok,true;true,repro/stage220_encrypted_compact_keygen_prototype/compile_probe.log; repro/stage220_encrypted_compact_keygen_prototype/run_probe.log,Standalone encrypted compact keygen prototype compiles and runs.
G4_keygen_phase_semantics,PASS,phase_mismatches;dummy_semantic_failures,0;0,repro/stage220_encrypted_compact_keygen_prototype/keygen_results.csv,Each encrypted row decrypts to semantic payload plus noise; dummy rows preserve semantic zero.
G5_public_pattern_and_dft,PASS,public_pattern_failures;dft_mismatches;max_dft_gap,0;0;75,repro/stage220_encrypted_compact_keygen_prototype/keygen_results.csv,Dense public row count uses nonzero/nonduplicate random masks and production DFT roundtrip remains within tolerance.
G6_negative_controls,PASS,min_missing_active_negative;min_random_dummy_negative,1;9,repro/stage220_encrypted_compact_keygen_prototype/keygen_results.csv,Skipping an active row and assigning nonzero dummy semantics both fail as required.
G7_noise_bound_and_layout,PASS,max_noise_abs;max_noise_bound,1;28672,repro/stage220_encrypted_compact_keygen_prototype/keygen_results.csv; repro/stage220_encrypted_compact_keygen_prototype/layout_results.csv,Deterministic prototype noise remains below bound and layout preserves dense public row count.
G8_production_admission,DENY_SAB_HOTPATH_CODE,missing_before_sab_code,security_reduction;production_noise_recurrence;compact_ep_integration;complete_sab_gate,repro/stage220_encrypted_compact_keygen_prototype/proof_gate.csv,Stage220 permits production-noise recurrence modeling only; no SAB integration or speedup claim.
G9_stage220_decision,PASS_STAGE220_ENCRYPTED_COMPACT_KEYGEN_READY_NOISE_RECURRENCE,decision,PASS_STAGE220_ENCRYPTED_COMPACT_KEYGEN_READY_NOISE_RECURRENCE,repro/stage220_encrypted_compact_keygen_prototype/proof_gate.csv,"Encrypted compact keygen prototype is ready for production noise recurrence gate, still outside SAB hot path."
