input_id,path,status,bytes
stage251_proof_gate,repro/stage251_nonbinary_selector_semantics/proof_gate.csv,present,1405
stage251_semantic_equations,repro/stage251_nonbinary_selector_semantics/semantic_equation_matrix.csv,present,1224
stage251_selector_gaps,repro/stage251_nonbinary_selector_semantics/selector_gap_matrix.csv,present,1133
stage251_admission,repro/stage251_nonbinary_selector_semantics/admission_decision.csv,present,879
sab_header,include/sab.h,present,2367
sab_pvw_header,include/sab_pvw.h,present,2005
scalar_sab_source,src/sparse_amortized_bootstrap.c,present,17019
pvw_sab_source,src/sab_pvw.c,present,34966
mosfhet_header,src/mosfhet/include/mosfhet.h,present,32723
