variant,run,r,N,items,components,reps,calls,total_ns,per_call_us,checksum,status
separate_current_order,0,6,2048,256,7,3,5376,31211706,5.805748884,4133735383064950534,PASS
backend_current_order,0,6,2048,256,7,3,5376,31391990,5.839283854,4133735383064950534,PASS
backend_component_major,0,6,2048,256,7,3,5376,28830673,5.362848400,4133735383064950534,PASS
separate_current_order,1,6,2048,256,7,3,5376,28587713,5.317654948,4133735383064950534,PASS
backend_current_order,1,6,2048,256,7,3,5376,27118287,5.044324219,4133735383064950534,PASS
backend_component_major,1,6,2048,256,7,3,5376,25982096,4.832979167,4133735383064950534,PASS
separate_current_order,2,6,2048,256,7,3,5376,25194199,4.686420945,4133735383064950534,PASS
backend_current_order,2,6,2048,256,7,3,5376,25697599,4.780059338,4133735383064950534,PASS
backend_component_major,2,6,2048,256,7,3,5376,26514754,4.932059896,4133735383064950534,PASS
separate_current_order,3,6,2048,256,7,3,5376,25326241,4.710982329,4133735383064950534,PASS
backend_current_order,3,6,2048,256,7,3,5376,24581868,4.572520089,4133735383064950534,PASS
backend_component_major,3,6,2048,256,7,3,5376,24677926,4.590388021,4133735383064950534,PASS
separate_current_order,4,6,2048,256,7,3,5376,25996421,4.835643787,4133735383064950534,PASS
backend_current_order,4,6,2048,256,7,3,5376,24139326,4.490202009,4133735383064950534,PASS
backend_component_major,4,6,2048,256,7,3,5376,27235705,5.066165365,4133735383064950534,PASS
separate_current_order,5,6,2048,256,7,3,5376,27184412,5.056624256,4133735383064950534,PASS
backend_current_order,5,6,2048,256,7,3,5376,24100801,4.483035900,4133735383064950534,PASS
backend_component_major,5,6,2048,256,7,3,5376,26452015,4.920389695,4133735383064950534,PASS
separate_current_order,6,6,2048,256,7,3,5376,26486699,4.926841332,4133735383064950534,PASS
backend_current_order,6,6,2048,256,7,3,5376,23939013,4.452941406,4133735383064950534,PASS
backend_component_major,6,6,2048,256,7,3,5376,26180844,4.869948661,4133735383064950534,PASS
